{"cameraMode":{"drawMode":0,"name":"Shaded","section":"Shading Mode"},"sceneLighting":false,"audioPlay":false,"sceneViewState":{"showFog":true,"showMaterialUpdate":true,"showSkybox":false,"showFlares":true,"showImageEffects":true,"showParticleSystems":true},"in2DMode":false,"pivot":{"x":0.17299994826316834,"y":0.5479999780654907,"z":-9.541000366210938},"rotation":{"x":0.3776435852050781,"y":-0.21102412045001985,"z":0.08881977945566178,"w":0.8972147703170776},"size":0.4996703267097473,"orthographic":false}