{"cameraMode":{"drawMode":0,"name":"Shaded","section":"Shading Mode"},"sceneLighting":true,"audioPlay":false,"sceneViewState":{"showFog":true,"showMaterialUpdate":true,"showSkybox":false,"showFlares":true,"showImageEffects":true,"showParticleSystems":true},"in2DMode":false,"pivot":{"x":2.6127872467041017,"y":1.1599998474121094,"z":-8.69331169128418},"rotation":{"x":0.24581170082092286,"y":0.017446601763367654,"z":-0.0044250781647861,"w":0.969150960445404},"size":234.79397583007813,"orthographic":false}