{"cameraMode":{"drawMode":0,"name":"Shaded","section":"Shading Mode"},"sceneLighting":true,"audioPlay":false,"sceneViewState":{"showFog":true,"showMaterialUpdate":true,"showSkybox":true,"showFlares":true,"showImageEffects":true,"showParticleSystems":true},"in2DMode":false,"pivot":{"x":2.380186080932617,"y":0.05302596092224121,"z":-7.829800605773926},"rotation":{"x":0.4941771924495697,"y":-0.00521610863506794,"z":0.00296510336920619,"w":0.8693410158157349},"size":13.67296314239502,"orthographic":false}