{"cameraMode":{"drawMode":0,"name":"Shaded","section":"Shading Mode"},"sceneLighting":true,"audioPlay":false,"sceneViewState":{"showFog":true,"showMaterialUpdate":true,"showSkybox":false,"showFlares":true,"showImageEffects":true,"showParticleSystems":true},"in2DMode":false,"pivot":{"x":0.266745924949646,"y":1.533607006072998,"z":-7.111002445220947},"rotation":{"x":0.5348923206329346,"y":0.03419836610555649,"z":-0.021674323827028276,"w":0.8439525365829468},"size":9.719578742980957,"orthographic":false}