{"cameraMode":{"drawMode":0,"name":"Shaded","section":"Shading Mode"},"sceneLighting":false,"audioPlay":false,"sceneViewState":{"showFog":true,"showMaterialUpdate":true,"showSkybox":false,"showFlares":true,"showImageEffects":true,"showParticleSystems":true},"in2DMode":false,"pivot":{"x":13.210000038146973,"y":0.8937137126922607,"z":1.2086477279663087},"rotation":{"x":0.6228846311569214,"y":-0.026973728090524675,"z":0.0214978139847517,"w":0.7815538048744202},"size":2.075150966644287,"orthographic":false}