{"cameraMode":{"drawMode":0,"name":"Shaded","section":"Shading Mode"},"sceneLighting":true,"audioPlay":false,"sceneViewState":{"showFog":true,"showMaterialUpdate":true,"showSkybox":true,"showFlares":true,"showImageEffects":true,"showParticleSystems":true},"in2DMode":false,"pivot":{"x":2.1296567916870119,"y":2.4304118156433107,"z":-5.4157304763793949},"rotation":{"x":-0.47309795022010805,"y":0.017693256959319116,"z":-0.009522993117570877,"w":-0.8808115720748901},"size":20.848426818847658,"orthographic":false}