{"cameraMode":{"drawMode":0,"name":"Shaded","section":"Shading Mode"},"sceneLighting":false,"audioPlay":false,"sceneViewState":{"showFog":true,"showMaterialUpdate":true,"showSkybox":false,"showFlares":true,"showImageEffects":true,"showParticleSystems":true},"in2DMode":false,"pivot":{"x":488.2813720703125,"y":545.8023071289063,"z":46.32537841796875},"rotation":{"x":0.0035987948067486288,"y":-0.027894925326108934,"z":-0.00015968763909768313,"w":-0.9996445775032044},"size":1104.7098388671875,"orthographic":false}