{"cameraMode":{"drawMode":0,"name":"Shaded","section":"Shading Mode"},"sceneLighting":true,"audioPlay":false,"sceneViewState":{"showFog":true,"showMaterialUpdate":true,"showSkybox":true,"showFlares":true,"showImageEffects":true,"showParticleSystems":true},"in2DMode":false,"pivot":{"x":1000.90380859375,"y":588.819091796875,"z":22.48291015625},"rotation":{"x":-0.032362937927246097,"y":-0.04435984045267105,"z":0.0014042577240616084,"w":-0.9985330104827881},"size":1523.1739501953125,"orthographic":false}