{"cameraMode":{"drawMode":0,"name":"Shaded","section":"Shading Mode"},"sceneLighting":true,"audioPlay":false,"sceneViewState":{"showFog":true,"showMaterialUpdate":true,"showSkybox":false,"showFlares":true,"showImageEffects":true,"showParticleSystems":true},"in2DMode":false,"pivot":{"x":-3.110278606414795,"y":1.3600001335144044,"z":-9.311952590942383},"rotation":{"x":-0.19989120960235597,"y":0.454745352268219,"z":-0.10551715642213822,"w":-0.8614721894264221},"size":6.469684600830078,"orthographic":false}