{"cameraMode":{"drawMode":0,"name":"Shaded","section":"Shading Mode"},"sceneLighting":true,"audioPlay":false,"sceneViewState":{"showFog":true,"showMaterialUpdate":true,"showSkybox":false,"showFlares":true,"showImageEffects":true,"showParticleSystems":true},"in2DMode":false,"pivot":{"x":1.767786979675293,"y":0.7360000610351563,"z":-7.8446197509765629},"rotation":{"x":0.22061869502067567,"y":0.0614008903503418,"z":-0.013917491771280766,"w":0.9733288884162903},"size":1.7344413995742798,"orthographic":false}