{"cameraMode":{"drawMode":0,"name":"Shaded","section":"Shading Mode"},"sceneLighting":false,"audioPlay":false,"sceneViewState":{"showFog":true,"showMaterialUpdate":true,"showSkybox":false,"showFlares":true,"showImageEffects":true,"showParticleSystems":true},"in2DMode":false,"pivot":{"x":0.17299994826316834,"y":0.5479999780654907,"z":-9.541000366210938},"rotation":{"x":0.2299826294183731,"y":-0.2365846484899521,"z":0.05774359405040741,"w":0.9422465562820435},"size":0.4996703267097473,"orthographic":false}