{"cameraMode":{"drawMode":0,"name":"Shaded","section":"Shading Mode"},"sceneLighting":true,"audioPlay":false,"sceneViewState":{"showFog":true,"showMaterialUpdate":true,"showSkybox":false,"showFlares":true,"showImageEffects":true,"showParticleSystems":true},"in2DMode":false,"pivot":{"x":-2.342912197113037,"y":0.6360958218574524,"z":-9.912826538085938},"rotation":{"x":-0.056962452828884128,"y":0.27980369329452517,"z":-0.01672082580626011,"w":-0.9582650661468506},"size":2.137367010116577,"orthographic":false}