{"cameraMode":{"drawMode":0,"name":"Shaded","section":"Shading Mode"},"sceneLighting":true,"audioPlay":false,"sceneViewState":{"showFog":true,"showMaterialUpdate":true,"showSkybox":false,"showFlares":true,"showImageEffects":true,"showParticleSystems":true},"in2DMode":false,"pivot":{"x":3.0164363384246828,"y":0.7105615735054016,"z":-9.046102523803711},"rotation":{"x":0.19407083094120027,"y":0.18417313694953919,"z":-0.037122614681720737,"w":0.9628304839134216},"size":2.27238130569458,"orthographic":false}