{"cameraMode":{"drawMode":0,"name":"Shaded","section":"Shading Mode"},"sceneLighting":true,"audioPlay":false,"sceneViewState":{"showFog":true,"showMaterialUpdate":true,"showSkybox":true,"showFlares":true,"showImageEffects":true,"showParticleSystems":true},"in2DMode":false,"pivot":{"x":2.2546026706695558,"y":-1.326462745666504,"z":-0.827023983001709},"rotation":{"x":-0.23421211540699006,"y":-0.0008805718971416354,"z":0.00016423067427240312,"w":-0.9722299575805664},"size":26.12180519104004,"orthographic":false}