{"cameraMode":{"drawMode":0,"name":"Shaded","section":"Shading Mode"},"sceneLighting":false,"audioPlay":false,"sceneViewState":{"showFog":true,"showMaterialUpdate":true,"showSkybox":false,"showFlares":true,"showImageEffects":true,"showParticleSystems":true},"in2DMode":false,"pivot":{"x":13.210000038146973,"y":0.8937137126922607,"z":1.2086477279663087},"rotation":{"x":0.49725526571273806,"y":-0.3513789474964142,"z":0.2301613688468933,"w":0.7591421604156494},"size":2.075150966644287,"orthographic":true}