{"cameraMode":{"drawMode":0,"name":"Shaded","section":"Shading Mode"},"sceneLighting":true,"audioPlay":false,"sceneViewState":{"showFog":true,"showMaterialUpdate":true,"showSkybox":true,"showFlares":true,"showImageEffects":true,"showParticleSystems":true},"in2DMode":false,"pivot":{"x":881.7809448242188,"y":543.2579956054688,"z":123.5445556640625},"rotation":{"x":0.04408704489469528,"y":-0.009885208681225777,"z":-0.00047334207920357585,"w":-0.9990193247795105},"size":1423.8826904296875,"orthographic":false}