{"cameraMode":{"drawMode":0,"name":"Shaded","section":"Shading Mode"},"sceneLighting":true,"audioPlay":false,"sceneViewState":{"showFog":true,"showMaterialUpdate":true,"showSkybox":true,"showFlares":true,"showImageEffects":true,"showParticleSystems":true},"in2DMode":false,"pivot":{"x":-0.06331273913383484,"y":1.1977980136871338,"z":-0.4081740379333496},"rotation":{"x":-0.19748374819755555,"y":0.03292331099510193,"z":-0.0066924430429935459,"w":-0.9797688126564026},"size":6.11017370223999,"orthographic":false}