{"cameraMode":{"drawMode":0,"name":"Shaded","section":"Shading Mode"},"sceneLighting":true,"audioPlay":false,"sceneViewState":{"showFog":true,"showMaterialUpdate":true,"showSkybox":true,"showFlares":true,"showImageEffects":true,"showParticleSystems":true},"in2DMode":false,"pivot":{"x":0.777491569519043,"y":-6.000699043273926,"z":-3.7782411575317385},"rotation":{"x":-0.0009859460406005383,"y":0.9697064757347107,"z":-0.24440522491931916,"w":-0.004075123928487301},"size":17.603286743164064,"orthographic":false}