{"cameraMode":{"drawMode":0,"name":"Shaded","section":"Shading Mode"},"sceneLighting":true,"audioPlay":false,"sceneViewState":{"showFog":true,"showMaterialUpdate":true,"showSkybox":false,"showFlares":true,"showImageEffects":true,"showParticleSystems":true},"in2DMode":false,"pivot":{"x":-0.4656175971031189,"y":0.5849997997283936,"z":-9.399473190307618},"rotation":{"x":-0.12741719186306,"y":0.7740811705589294,"z":-0.16498927772045136,"w":-0.5977999567985535},"size":8.951906204223633,"orthographic":false}