{"cameraMode":{"drawMode":0,"name":"Shaded","section":"Shading Mode"},"sceneLighting":false,"audioPlay":false,"sceneViewState":{"showFog":true,"showMaterialUpdate":true,"showSkybox":false,"showFlares":true,"showImageEffects":true,"showParticleSystems":true},"in2DMode":false,"pivot":{"x":1022.3299560546875,"y":598.8800048828125,"z":-1.0500000715255738},"rotation":{"x":-0.17693577706813813,"y":0.018292278051376344,"z":-0.003343433840200305,"w":-0.9840825200080872},"size":583.1571044921875,"orthographic":false}