{"cameraMode":{"drawMode":0,"name":"Shaded","section":"Shading Mode"},"sceneLighting":true,"audioPlay":false,"sceneViewState":{"showFog":true,"showMaterialUpdate":true,"showSkybox":true,"showFlares":true,"showImageEffects":true,"showParticleSystems":true},"in2DMode":false,"pivot":{"x":-0.12850475311279298,"y":-1.2056257724761963,"z":-8.284785270690918},"rotation":{"x":0.2496981918811798,"y":0.4293190836906433,"z":-0.1247900202870369,"w":0.8589527010917664},"size":7.490568161010742,"orthographic":false}