{"cameraMode":{"drawMode":0,"name":"Shaded","section":"Shading Mode"},"sceneLighting":false,"audioPlay":false,"sceneViewState":{"showFog":true,"showMaterialUpdate":true,"showSkybox":false,"showFlares":true,"showImageEffects":true,"showParticleSystems":true},"in2DMode":false,"pivot":{"x":-1.9179999828338624,"y":0.550000011920929,"z":-10.930000305175782},"rotation":{"x":-0.0008984191808849573,"y":-0.006903798785060644,"z":-0.0000367940629075747,"w":-1.00001060962677},"size":0.3769039213657379,"orthographic":false}