{"cameraMode":{"drawMode":0,"name":"Shaded","section":"Shading Mode"},"sceneLighting":false,"audioPlay":false,"sceneViewState":{"showFog":true,"showMaterialUpdate":true,"showSkybox":false,"showFlares":true,"showImageEffects":true,"showParticleSystems":true},"in2DMode":false,"pivot":{"x":0.08168582618236542,"y":0.01300191879272461,"z":-0.1774408519268036},"rotation":{"x":0.6723164916038513,"y":0.008883011527359486,"z":-0.008068462833762169,"w":0.7401685118675232},"size":1.019350290298462,"orthographic":false}