{"cameraMode":{"drawMode":0,"name":"Shaded","section":"Shading Mode"},"sceneLighting":true,"audioPlay":false,"sceneViewState":{"showFog":true,"showMaterialUpdate":true,"showSkybox":false,"showFlares":true,"showImageEffects":true,"showParticleSystems":true},"in2DMode":false,"pivot":{"x":-3.2150003910064699,"y":1.0849995613098145,"z":-9.414999008178711},"rotation":{"x":0.23970209062099458,"y":-0.3107439875602722,"z":0.081301249563694,"w":0.916172206401825},"size":1.1898170709609986,"orthographic":false}