{"cameraMode":{"drawMode":0,"name":"Shaded","section":"Shading Mode"},"sceneLighting":false,"audioPlay":false,"sceneViewState":{"showFog":true,"showMaterialUpdate":true,"showSkybox":false,"showFlares":true,"showImageEffects":true,"showParticleSystems":true},"in2DMode":false,"pivot":{"x":1318.840087890625,"y":952.6699829101563,"z":-3.0},"rotation":{"x":0.0035987948067486288,"y":-0.027894925326108934,"z":-0.00015968763909768313,"w":-0.9996445775032044},"size":1392.587646484375,"orthographic":false}