{"cameraMode":{"drawMode":0,"name":"Shaded","section":"Shading Mode"},"sceneLighting":true,"audioPlay":false,"sceneViewState":{"showFog":true,"showMaterialUpdate":true,"showSkybox":false,"showFlares":true,"showImageEffects":true,"showParticleSystems":true},"in2DMode":false,"pivot":{"x":2.879441738128662,"y":1.1320545673370362,"z":-9.737530708312989},"rotation":{"x":0.28044092655181887,"y":-0.030229827389121057,"z":0.008836702443659306,"w":0.9593567848205566},"size":1.117923617362976,"orthographic":false}