{"cameraMode":{"drawMode":0,"name":"Shaded","section":"Shading Mode"},"sceneLighting":true,"audioPlay":false,"sceneViewState":{"showFog":true,"showMaterialUpdate":true,"showSkybox":false,"showFlares":true,"showImageEffects":true,"showParticleSystems":true},"in2DMode":false,"pivot":{"x":0.0479646772146225,"y":1.5336065292358399,"z":-10.092841148376465},"rotation":{"x":-0.5101445913314819,"y":-0.01961543597280979,"z":0.011631124652922154,"w":-0.8597997426986694},"size":10.157499313354493,"orthographic":false}