{"cameraMode":{"drawMode":0,"name":"Shaded","section":"Shading Mode"},"sceneLighting":true,"audioPlay":false,"sceneViewState":{"showFog":true,"showMaterialUpdate":true,"showSkybox":false,"showFlares":true,"showImageEffects":true,"showParticleSystems":true},"in2DMode":false,"pivot":{"x":2.7348415851593019,"y":1.5242990255355836,"z":-10.004776954650879},"rotation":{"x":0.41234666109085085,"y":-0.03687915578484535,"z":0.016711382195353509,"w":0.9101321697235107},"size":4.464433670043945,"orthographic":false}