{"cameraMode":{"drawMode":0,"name":"Shaded","section":"Shading Mode"},"sceneLighting":false,"audioPlay":false,"sceneViewState":{"showFog":true,"showMaterialUpdate":true,"showSkybox":false,"showFlares":true,"showImageEffects":true,"showParticleSystems":true},"in2DMode":false,"pivot":{"x":12.967429161071778,"y":0.9017216563224793,"z":1.2033644914627076},"rotation":{"x":0.1219865158200264,"y":-0.8740349411964417,"z":0.37408801913261416,"w":0.2851024568080902},"size":1.2742362022399903,"orthographic":false}