{"cameraMode":{"drawMode":0,"name":"Shaded","section":"Shading Mode"},"sceneLighting":true,"audioPlay":false,"sceneViewState":{"showFog":true,"showMaterialUpdate":true,"showSkybox":true,"showFlares":true,"showImageEffects":true,"showParticleSystems":true},"in2DMode":false,"pivot":{"x":-0.12468031048774719,"y":-3.4417686462402345,"z":1.3935343027114869},"rotation":{"x":-0.17693577706813813,"y":0.018292278051376344,"z":-0.003343433840200305,"w":-0.9840825200080872},"size":23.21132469177246,"orthographic":false}