{"cameraMode":{"drawMode":0,"name":"Shaded","section":"Shading Mode"},"sceneLighting":false,"audioPlay":false,"sceneViewState":{"showFog":true,"showMaterialUpdate":true,"showSkybox":false,"showFlares":true,"showImageEffects":true,"showParticleSystems":true},"in2DMode":false,"pivot":{"x":1.659999966621399,"y":2.236398696899414,"z":-1.3700000047683716},"rotation":{"x":-0.43440723419189455,"y":-0.01027050893753767,"z":0.0049607581458985809,"w":-0.9006748199462891},"size":22.0,"orthographic":false}