{"cameraMode":{"drawMode":0,"name":"Shaded","section":"Shading Mode"},"sceneLighting":true,"audioPlay":false,"sceneViewState":{"showFog":true,"showMaterialUpdate":true,"showSkybox":false,"showFlares":true,"showImageEffects":true,"showParticleSystems":true},"in2DMode":false,"pivot":{"x":2.7348415851593019,"y":1.5242990255355836,"z":-10.004776954650879},"rotation":{"x":0.2024027407169342,"y":-0.4610326886177063,"z":0.10887181013822556,"w":0.8571099638938904},"size":2.664433717727661,"orthographic":false}