{"cameraMode":{"drawMode":0,"name":"Shaded","section":"Shading Mode"},"sceneLighting":true,"audioPlay":false,"sceneViewState":{"showFog":true,"showMaterialUpdate":true,"showSkybox":false,"showFlares":true,"showImageEffects":true,"showParticleSystems":true},"in2DMode":false,"pivot":{"x":2.749089479446411,"y":1.4913381338119507,"z":-9.943373680114746},"rotation":{"x":0.051855944097042087,"y":0.026961011812090875,"z":-0.0013976970221847296,"w":0.998294472694397},"size":2.135565996170044,"orthographic":false}