{"cameraMode":{"drawMode":0,"name":"Shaded","section":"Shading Mode"},"sceneLighting":false,"audioPlay":false,"sceneViewState":{"showFog":true,"showMaterialUpdate":true,"showSkybox":false,"showFlares":true,"showImageEffects":true,"showParticleSystems":true},"in2DMode":false,"pivot":{"x":-30.17646598815918,"y":-121.89486694335938,"z":-86.11465454101563},"rotation":{"x":-0.00539889931678772,"y":-0.012898619286715985,"z":0.00000974798695096979,"w":-0.9999402165412903},"size":22.0,"orthographic":false}