{"cameraMode":{"drawMode":0,"name":"Shaded","section":"Shading Mode"},"sceneLighting":false,"audioPlay":false,"sceneViewState":{"showFog":true,"showMaterialUpdate":true,"showSkybox":false,"showFlares":true,"showImageEffects":true,"showParticleSystems":true},"in2DMode":false,"pivot":{"x":-1.9179999828338624,"y":0.550000011920929,"z":-10.930000305175782},"rotation":{"x":-0.00539889931678772,"y":-0.012898619286715985,"z":0.00000974798695096979,"w":-0.9999402165412903},"size":0.3769039213657379,"orthographic":false}