{"cameraMode":{"drawMode":0,"name":"Shaded","section":"Shading Mode"},"sceneLighting":true,"audioPlay":false,"sceneViewState":{"showFog":true,"showMaterialUpdate":true,"showSkybox":false,"showFlares":true,"showImageEffects":true,"showParticleSystems":true},"in2DMode":false,"pivot":{"x":1.8225520849227906,"y":1.263900876045227,"z":-9.834596633911133},"rotation":{"x":0.20898011326789857,"y":0.05717125162482262,"z":-0.012239298783242703,"w":0.9761714339256287},"size":1.1644338369369507,"orthographic":false}