{"cameraMode":{"drawMode":0,"name":"Shaded","section":"Shading Mode"},"sceneLighting":true,"audioPlay":false,"sceneViewState":{"showFog":true,"showMaterialUpdate":true,"showSkybox":false,"showFlares":true,"showImageEffects":true,"showParticleSystems":true},"in2DMode":false,"pivot":{"x":2.381139039993286,"y":1.1257445812225342,"z":-9.636802673339844},"rotation":{"x":0.23940972983837129,"y":0.06983484327793122,"z":-0.017267456278204919,"w":0.9682527184486389},"size":1.372381329536438,"orthographic":false}