{"cameraMode":{"drawMode":0,"name":"Shaded","section":"Shading Mode"},"sceneLighting":true,"audioPlay":false,"sceneViewState":{"showFog":true,"showMaterialUpdate":true,"showSkybox":true,"showFlares":true,"showImageEffects":true,"showParticleSystems":true},"in2DMode":false,"pivot":{"x":619.5234985351563,"y":806.7009887695313,"z":-451.08074951171877},"rotation":{"x":-0.00539889931678772,"y":-0.012898619286715985,"z":0.00000974798695096979,"w":-0.9999402165412903},"size":379.81390380859377,"orthographic":false}