{"cameraMode":{"drawMode":0,"name":"Shaded","section":"Shading Mode"},"sceneLighting":false,"audioPlay":false,"sceneViewState":{"showFog":true,"showMaterialUpdate":true,"showSkybox":false,"showFlares":true,"showImageEffects":true,"showParticleSystems":true},"in2DMode":false,"pivot":{"x":13.223106384277344,"y":0.847766637802124,"z":1.3033151626586915},"rotation":{"x":0.43048226833343508,"y":-0.5552690029144287,"z":0.41208192706108096,"w":0.580170214176178},"size":2.2185845375061037,"orthographic":false}