{"cameraMode":{"drawMode":0,"name":"Shaded","section":"Shading Mode"},"sceneLighting":false,"audioPlay":false,"sceneViewState":{"showFog":true,"showMaterialUpdate":true,"showSkybox":false,"showFlares":true,"showImageEffects":true,"showParticleSystems":true},"in2DMode":false,"pivot":{"x":13.210000038146973,"y":0.8937137126922607,"z":1.2086477279663087},"rotation":{"x":0.5723486542701721,"y":-0.03195992484688759,"z":0.022332793101668359,"w":0.8190838098526001},"size":1.0867546796798707,"orthographic":true}