{"cameraMode":{"drawMode":0,"name":"Shaded","section":"Shading Mode"},"sceneLighting":false,"audioPlay":false,"sceneViewState":{"showFog":true,"showMaterialUpdate":true,"showSkybox":false,"showFlares":true,"showImageEffects":true,"showParticleSystems":true},"in2DMode":false,"pivot":{"x":-0.009999997913837433,"y":-0.5600000023841858,"z":1.100000023841858},"rotation":{"x":0.05614060163497925,"y":-0.7126091718673706,"z":0.057431500405073169,"w":0.6969634890556336},"size":5.028942108154297,"orthographic":false}